showdown_name,pokemon
Tornadus,tornadus-incarnate
Landorus,landorus-incarnate
Thundurus,thundurus-incarnate
Enamorus,enamorus-incarnate
Indeedee,indeedee-male
Indeedee-F,indeedee-female
Meowstic,meowstic-male
Meowstic-F,meowstic-female
Basculegion,basculegion-male
Basculegion-F,basculegion-female
Ogerpon-Wellspring,ogerpon-wellspring-mask
Ogerpon-Hearthflame,ogerpon-hearthflame-mask
Ogerpon-Cornerstone,ogerpon-cornerstone-mask
Sinistcha-Masterpiece,sinistcha
Maushold,maushold-family-of-three
Maushold-Four,maushold-family-of-four
Tatsugiri,tatsugiri-curly
Palafin,palafin-zero
Mimikyu,mimikyu-disguised
Gastrodon-East,gastrodon
Toxtricity,toxtricity-amped
Necrozma-Dawn-Wings,necrozma-dawn
Necrozma-Dusk-Mane,necrozma-dusk
Tauros-Paldea-Aqua,tauros-paldea-aqua-breed
Tauros-Paldea-Blaze,tauros-paldea-blaze-breed
Tauros-Paldea-Combat,tauros-paldea-combat-breed
Deoxys,deoxys-normal
Aegislash,aegislash-shield
Lycanroc,lycanroc-midday
Meloetta,meloetta-aria
Giratina,giratina-altered
Oricorio,oricorio-baile
Morpeko,morpeko-full-belly
Eiscue,eiscue-ice
Alcremie-Rainbow-Swirl,alcremie
Alcremie-Ruby-Swirl,alcremie
Alcremie-Caramel-Swirl,alcremie
Alcremie-Mint-Cream,alcremie
Alcremie-Matcha-Cream,alcremie
Alcremie-Salted-Cream,alcremie
Alcremie-Ruby-Cream,alcremie
Alcremie-Lemon-Cream,alcremie
Vivillon-Fancy,vivillon
Vivillon-Ocean,vivillon
Vivillon-Pokeball,vivillon
Vivillon-Polar,vivillon
Vivillon-Elegant,vivillon
Vivillon-Tundra,vivillon
Vivillon-Marine,vivillon
Vivillon-Monsoon,vivillon
Polteageist-Antique,polteageist
Keldeo,keldeo-ordinary
Pyroar,pyroar-male
Florges-White,florges
Florges-Blue,florges
Florges-Yellow,florges
Florges-Orange,florges
Darmanitan-Galar,darmanitan-galar-standard
Pikachu-Original,pikachu-original-cap
Squawkabilly,squawkabilly-green-plumage
Oinkologne-F,oinkologne-female
Minior,minior-red-meteor
Vivillon-Icy Snow,vivillon
Sawsbuck-Winter,sawsbuck
Sawsbuck-Autumn,sawsbuck
Sawsbuck-Spring,sawsbuck
Sawsbuck-Summer,sawsbuck
Oinkologne,oinkologne-male
Shaymin,shaymin-land
Pikachu-World,pikachu-world-cap
Pikachu-Partner,pikachu-partner-cap
Pikachu-Alola,pikachu-alola-cap
Pikachu-Kalos,pikachu-kalos-cap
Squawkabilly-Blue,squawkabilly-blue-plumage
Squawkabilly-Green,squawkabilly-green-plumage
Squawkabilly-Yellow,squawkabilly-yellow-plumage
Squawkabilly-White,squawkabilly-white-plumage
Poltchageist-Artisan,polteageist